886248f9-ac94-4e66-aa47-e48d7f69dc5f,1.2
7c9df4c0-5b97-4c2b-9b56-fd3ee84bd04d,8.716666666666667
ecca3563-f20c-4090-b1da-b564079021f8,16.2
2a9d194a-f79c-489e-a056-c0b6f22f0616,8.25
337ca591-adfe-43b2-aa4c-b141775e41c2,21.033333333333335
a30a3e5a-15bf-4cc9-857e-9d4b2d1b28f9,6.2
969e8032-719e-4f68-9655-d18bb487a7d6,20.2
de8e79df-00ef-4947-9e14-a6e08de6a3cd,6.333333333333333
45d6d313-9cd5-430e-a3b7-4af83ed3df36,6.0
1a00c37d-076c-4122-9381-2c25e99e72c5,18.4
8a78b1fb-62fc-4157-9e21-c875ab70aff8,13.366666666666667
ce3f7f1b-af19-4116-a8e4-510ba81e2cd9,14.416666666666666
9a6a54e0-9b44-4215-a57c-ea6f05e09996,2.75
b48ac190-15b5-4f38-b13e-d8ab161b5ebc,1380.0666666666666
19a080a5-020f-46ad-a881-ce1a60d97f60,32.81666666666667
9c4ee784-b989-4826-8eda-b13f37999671,2.3333333333333335
8ecd595f-f0ab-4db6-a654-cee7e8f6ee3e,21.866666666666667
3efd0700-16b6-4e36-81bc-30e21398392c,14.433333333333334
091ac293-4434-4731-af3c-d3ab960b019a,5.866666666666666
5f188f47-2e07-40b7-8df3-50e2ec626541,22.366666666666667
b0c2bbdc-30e4-4e0b-87ef-b9581dc8552e,0.9166666666666666
93102afc-6a4e-4482-b964-148a0eb1808a,28.683333333333334
cf903e90-470c-4f9b-b4a7-73690d383723,7.9
c185429d-cdbb-4c59-97e9-8abae0a05d00,16.766666666666666
a9af22f6-2b21-4825-baf3-433798cde3c7,15.8
e5d11f99-b280-44c8-817e-9edb3e4fa5d2,14.25
545f1a25-f74c-48a1-b7db-544d8325bf72,8.083333333333334
fff57812-125f-4515-8a85-a6290f7f0339,13.633333333333333
1bfdf103-4e38-48a0-b3d7-b7a6fca6fab9,3.566666666666667
d6eb3711-5723-4204-8eb3-7b0a442340ea,0.03333333333333333
68f88eca-0ba3-4ea5-96cd-912b4456a9ba,8.466666666666667
4cd98dcb-0e97-4111-8a10-862399ebd955,3.0833333333333335
94f171fd-c364-43a4-a108-c3a723924376,7.483333333333333
d96954d8-83c9-4296-ac2b-6683418dc4a5,16.116666666666667
1a33abc6-3307-4527-b6b5-ba12d646a39d,6.983333333333333
d33303c9-f7ab-4b91-9e39-e42d08425d68,12.483333333333333
c8e27bec-8298-4520-b224-51f191de9ae1,8.783333333333333
a1817f44-6433-4496-8547-28243f79becf,4.333333333333333
9d6f90c1-60b6-42ec-bdd5-c5cbad1979e8,4.383333333333334
ca74bae3-4032-4c8d-b576-d441d06c4726,7.7
2b4176f4-6842-4880-a2fa-ef747e45c52d,14.333333333333334
1a09de65-c34b-479a-b6e6-8d301fa3fa59,1.3166666666666667
71557a23-8eb1-46ce-8ef3-1fba11e44b0d,2.4
47c93e8a-f61d-4f61-bf09-e597aa04dc23,6.983333333333333
a1b15bc0-b1ff-4b21-a540-8df6c9130049,5.616666666666666
88631c1c-acb9-4fc7-b959-642ab2878262,7.616666666666666
1aed442f-c5f0-4821-8fb7-ff7acb5cd8e2,6.783333333333333
586dbb36-aca3-4c2f-8cd5-b464c60cb453,8.7
59e5642c-c03e-41bc-b09b-0ea49553e5aa,17.983333333333334
cabe256f-218d-4310-ab08-43af006f0130,8.616666666666667
b8da2ac0-fcbc-4a64-945c-72228309a4fe,5.366666666666666
c698abf9-04fb-4469-b16c-2cc07ffe906e,38.983333333333334
a15f4ac2-bd05-4399-9262-8e834a63c480,6.4
efa39515-4599-4c05-b9eb-a8d22b2d5e64,10.533333333333333
0a8ffe7e-9af3-4c87-8a92-97663f929393,7.25
eb4fb478-6555-4b2f-8285-4a4409a04b09,20.7
13210f58-47a9-4692-b174-8aa32a88e374,0.2833333333333333
3edc2653-c002-40b9-9af5-2dae693ee5e1,16.166666666666668
23f4f4d2-7f88-47a2-ad34-ed41fac9518c,16.366666666666667
8b156ec8-a810-472c-a430-29e781e673c3,6.233333333333333
fd2a3667-db6a-46df-b018-a0f1a9292e40,11.583333333333334
22fec23b-527f-4382-a6e2-b49602a5bbd0,5.65
7ad3af81-d34c-4c6d-bc9b-46d8f9c49336,18.85
cc63898a-6578-4600-95aa-914f65eee59d,9.433333333333334
f1f86c9d-ac60-4434-b57b-25b7af5a936a,25.6
b001cbf5-c5e9-423e-8b70-56ae9e6445f3,10.633333333333333
0efe5a78-aa15-42b7-b61c-d82342bcca54,3.783333333333333
a460bf91-c601-4967-822f-bbca77bffbf8,6.366666666666666
49cabfc3-8760-4308-865a-b2598c84c0e6,28.633333333333333
6a6f2aff-ebfb-4aab-9791-8e371bc96864,8.55
29b8a8a2-ee29-47b6-bc17-15b0170f86da,27.633333333333333
e26c8543-815d-416d-9bd2-d91443408c98,5.15
8438cd3d-095b-4253-bfcf-7eb0097b9bad,6.8
3625701c-d19c-4dc1-8e0e-e5bf92510542,13.8
434b61e7-db6b-430e-b3f4-76fcb3f50e83,11.316666666666666
b7a7f455-a3d5-4718-a794-599a754f72e0,15.05
380416cc-7c49-480d-a705-a88ca61e6821,382.71666666666664
e9d895f0-7bed-4d59-b164-b72ca889cfe8,10.533333333333333
efb4248c-669c-421f-bc53-57dccb1bbc4e,15.833333333333334
64bdc52d-70da-4d8c-a23e-8e86b8c23457,0.08333333333333333
012138c6-3206-4db1-8294-54893ff82b12,0.18333333333333332
8ddfe4a6-4c7e-40b2-8a1c-f2880d2da375,12.0
71b051e6-a70c-4902-a630-ff414fa7c754,4.316666666666666
db17ddc9-cb75-4e8f-a38a-3f8b01b61e64,6.566666666666666
441850c3-b780-4d3e-b0bf-1a28a21db488,17.383333333333333
915d2824-cfdc-4404-a94b-cc139e085feb,11.683333333333334
8dd91a4c-de56-4b00-ab4a-685027c37725,6.15
125c11ac-6c49-4127-9138-9698966a0dd3,7.9
747cc009-8e76-4580-8530-2e9e0c431429,3.15
f3edc11e-a7a8-4ff0-8e0e-0ddc6519114b,12.866666666666667
3b67dca8-84f8-4428-b97a-7eebc4fc34b5,11.133333333333333
9aecfb17-ceb2-40b3-ba32-63630a3d4dab,18.333333333333332
fd14021f-e7a5-43ce-bdee-5999e2bc2f34,15.0
5f2cd3e9-bdb9-4df3-8bd9-c026f79674f4,22.9
793734d5-04b8-4296-98d1-8fdf08870a6c,3.283333333333333
da727488-92f1-4c73-9602-21fab8ad11ea,6.25
04e44f78-e983-4910-853e-7c9466624f2a,1.9833333333333334
08bbfb33-ca25-4ac7-b294-9a7e7e0e4a7b,18.75
d8588d02-4e39-42ff-b466-9e32ea8b2b0a,41.05
e8708135-956a-4317-99c1-49b9f604a8ee,19.55
9cd08677-7b69-4150-a148-941d5c282ab7,19.433333333333334
4347a99b-cb99-4356-a909-ce19e237db2e,5.65
b72552ff-29e8-4a0b-9b49-b4d6ede85462,8.8
1ad37510-5585-429c-80a0-e5badd71a19a,1.2333333333333334
9b49a0b5-162b-42d3-9813-7f70c092aac1,6.75
fdce3818-6505-418c-a598-f2f15e1350bf,29.533333333333335
8da0c3d3-3701-4b1e-9c84-ddad1155826b,10.3
c38073fa-34d7-4ed7-a140-92da614a82f6,6.283333333333333
d07d83b1-c819-43ca-a703-fc0e167804f0,13.2
b70e7b31-05df-4c6e-ab9c-083f82616a06,27.95
ac5dd90f-4dfc-4a5e-afa6-346b0abeac9c,4.866666666666666
77e46716-a106-4eb2-8e9f-4a95ccd3b3d1,4.866666666666666
666f129a-5438-424d-86fc-8980cd8df44d,18.333333333333332
ef6e33d5-4235-493e-8a97-64de041bffed,6.216666666666667
a13508f6-0fde-4132-a849-6e0071083c07,7.5
f41cf5b2-a3a0-4171-8335-068e12d18c56,15.683333333333334
086d92b0-0674-41d8-93c6-fd2f745547b9,4.55
1f78b904-36ec-48c3-bfef-be48983041ce,30.983333333333334
f71c1a5d-44e4-4132-98ab-96e6cc9b45f7,7.05
b7ed03b4-6e3d-494a-99cd-632ea66a2c78,3.05
d3456760-7ea0-4db1-ae2f-b52fb177a330,17.833333333333332
d818a4c8-8754-4ddd-af4d-c3e4a64c5498,12.366666666666667
f3e7ac4a-2ae2-462e-ad85-882965f4a994,11.333333333333334
fa9aefa5-9288-4ce0-b089-4d5aa32dd4da,36.71666666666667
aa679611-43c9-487f-ba39-1ad34bab23cc,3.7333333333333334
1f04b4e0-d6c6-4abb-9e7c-60e09f8055c8,5.216666666666667
8f19c42a-412c-4cbe-a778-163e367c6d86,3.8333333333333335
86562d0a-80f1-4ab2-ac35-fd6ae8cfb2c8,20.65
60b53e82-1500-4325-8dd5-ca9184400fec,16.4
10ee3ce7-cf54-4f12-a3ec-e9bfd553d6ff,7.366666666666666
d48f75b5-eaba-42eb-802f-1ec68a5e3939,22.833333333333332
a005092a-d453-4095-b5c6-6d5eaf3d1d3f,4.116666666666666
6d092c20-281c-4350-834f-e58f27e9fccc,15.133333333333333
637df521-a9f3-4b92-9fd5-da4bfbdd37e5,14.816666666666666
19dc415e-cde3-4f9e-855f-3d4a9b00a253,19.25
9fc24f65-9592-464a-83b1-c28f50a55514,18.2
9ac8e3d8-c22a-4be4-ae59-b5c46ea19857,9.4
d49c9134-4eea-42ed-a9fd-02c298e56185,20.983333333333334
cf91cfb5-5e45-4b2f-98fa-0318c0159503,6.483333333333333
966ed4a3-431d-48c1-ba21-791c685d8894,4.833333333333333
a478c779-3420-442f-89f8-800c024e8293,3.35
f06ac0bc-b9ea-4bbe-b13e-54bf7bd3df78,19.166666666666668
aff3a1d1-b978-4475-b97f-39b056725af7,12.75
8ea8e40d-593e-4cd1-a996-940230b54e82,0.2
c18e5f53-30af-473c-a1eb-fd175effc5eb,9.783333333333333
8f33e7fa-4ef5-4105-8ba6-da279041c368,5.7
c1f51759-5cab-476b-8b92-bb18ffaa8211,0.05
92928917-02e2-40f3-9946-ce1f1fce4fb4,8.4
78d5aefc-2dd6-45e2-a710-746d353c5189,19.866666666666667
7acd50b4-9ff6-4738-a439-2c659afe4e1a,5.883333333333334
6b68391d-89f3-4185-8fb0-1ca9253f2479,10.666666666666666
de2b63eb-f25d-4671-8919-b6541b7b7c3e,7.533333333333333
a67cba35-4e71-4a1e-a275-7fc89e7e2684,12.35
23ce5d22-3928-480b-8a4e-ee00e9ee40ee,1390.25
5b78dda7-41f3-4b44-9554-7493f765b4a4,34.333333333333336
aacce026-280a-40fd-852f-6cf026ea563f,34.333333333333336
2ff17e43-7332-43e7-b756-fbc57bd9d988,8.183333333333334
dd47b548-3a09-4686-8ae2-37dad66bbdc7,3.35
77603006-98a1-4ea0-b96c-b4dcc3c10fde,3.35
9ba0c393-ab01-4ce2-8ae9-fcab79310958,17.25
2a2303ff-a524-4b82-93a2-bf769b84eec4,0.03333333333333333
12ea56b9-5c33-4d45-96a0-050449564217,10.683333333333334
cc8e75f0-95ff-45ed-a7e6-ee4c16f2bdce,9.833333333333334
3f8d4576-9a04-4489-adc1-c89eaf60e886,29.016666666666666
0bc4d2de-458d-4bef-bd9d-ecd1a2bcbff3,27.266666666666666
1ccec784-9215-4a03-a132-fa66300b939f,9.116666666666667
4faa5a23-89d5-49d6-acfd-6a629912984e,3.05
9752a37d-feeb-45bf-9aa3-b69c5e1ce72b,12.25
c848dff4-f149-4aaf-b64e-c08618ef3f67,15.05
0de64b84-5d6b-4922-a0c0-5bd741570209,21.416666666666668
e7ddd61b-727e-4c70-973c-5abd9d392111,13.083333333333334
77a9628c-3d05-4ee6-9a87-e40c22417609,31.183333333333334
36c878ce-8af1-4458-83ac-d7a126173a1c,11.75
b9d3963f-b3dc-4222-b2e5-9647657cab56,22.333333333333332
51e5f977-849a-4aca-80f4-94d3c679b8b4,11.533333333333333
d53ad62c-cdc0-49ad-885f-d9c40b9f27a9,4.233333333333333
e9ec6309-1187-445a-b680-ab3315a908e0,11.7
850de56b-a6d7-40cb-9fad-780de7ea33d9,23.383333333333333
33f43b99-6641-433e-b4ca-f97c0f20b34b,6.95
42a0a76e-0c81-45bd-b6ea-164c40a43b47,31.116666666666667
c135ade2-2208-450f-bdb1-5315f23ec5b9,5.616666666666666
072883b9-15c1-4d9c-b897-2d731c10c2a4,6.966666666666667
7d2dfd5b-88fc-4705-8829-bf0d9a11b2b8,19.233333333333334
48a174e8-fb21-4489-8831-de9a9f0ee229,9.166666666666666
9a52ed15-3ffc-4b83-a2ce-5c31d974eba9,0.08333333333333333
b0695799-5aa2-41e8-bddb-1cd88fce7a62,5.466666666666667
1866c73d-8f3b-451a-b312-f703eef824eb,53.05
777f49ec-cc43-4b3f-9b05-c86cf5c2e8c1,11.183333333333334
0a0459cb-037e-4d4c-b5f7-463497d07e62,0.06666666666666667
0323aa67-175b-46d5-94b6-f6d0c6f17a99,11.833333333333334
de4b792e-fd04-457d-94c4-a5bf2bb0c610,2.65
b60ee355-97c8-4070-ab4c-a32a7029c49e,4.9
d7111a0d-e331-4a57-ac23-a96e4fed087d,6.666666666666667
e8a935be-1cc4-4dfe-8d26-b699dd31d713,5.816666666666666
dae09080-3843-4456-aec2-6d0f57b66632,0.31666666666666665
6d4021e9-4c7b-4709-9215-288504c6febe,7.466666666666667
37afac8b-ed4c-492c-9d74-885ba4ae0113,8.116666666666667
ea51840c-ed35-47cc-bfd1-a46b05c33659,70.41666666666667
a16e5028-05e1-4edb-803e-9bee980b1598,9.55
8bd9cbf6-bc82-45e3-a711-1b08c47cfe71,18.616666666666667
1d830d97-ab3b-4781-a05b-b97d15a0cfdb,2.9166666666666665
bbd8c2db-d54a-45eb-aa0b-22816f60364c,0.31666666666666665
d6375ae8-a4d1-42c2-9bcd-b2f55ba7fac2,5.533333333333333
1ea04489-c938-47a1-9a64-d8fe79a44a66,12.016666666666667
cd0be995-c801-4c19-9ba0-568046c3726a,26.033333333333335
ba1b0586-28e0-494c-b320-54c7b6d890da,9.583333333333334
1c783990-0e4c-45d7-9f50-d4e20aa07be1,19.55
8e02c29f-af3a-43b7-b016-b868a4e1f5ad,21.9
9e40e84e-56fc-44e7-928b-0e49e0701f47,16.716666666666665
c65a0aed-f513-485f-bc5c-4163e93fecf0,17.15
5cd25efb-9876-4101-bddf-02503734d1e2,0.35
da67c92e-8517-4822-acc8-2f51ee564b93,1.8833333333333333
4ff50582-9fb5-4f6f-93d7-7b6869344c23,0.95
41325d9b-ef89-4870-a146-4c0b1e2b2d61,4.416666666666667
1ffcd18a-f254-44b6-865c-0d9b1eeca3df,0.11666666666666667
be248f9c-3f94-4190-947c-c99d006d00e9,16.983333333333334
e837ee08-dca9-4527-bcc8-dc2280b3fb86,14.666666666666666
349f3564-619d-428c-9a66-dce0aceefa19,25.166666666666668
21719018-53b8-4345-afa9-9a0ad219e990,0.016666666666666666
755f9ff7-5bec-4c9d-b1e7-3827095d9856,21.666666666666668
523df0ad-b27d-428b-883f-d3da48a9900f,10.066666666666666
9d2df442-4c98-4a63-9827-5fb975f62296,2.6666666666666665
6f78a0dc-2573-4713-b535-91ff93e04cd4,8.683333333333334
47aac9cc-e340-42bf-a3e1-af8d35208af1,0.05
3926b0ca-bc37-415a-9e42-edf94ee64cc3,0.05
48236702-350d-48fa-8934-719643549716,0.05
5b43af74-4d12-4791-9c37-cc9c54bcf5c4,3.05
b1640eab-115a-49b5-8e70-9d1e99ad6207,12.066666666666666
48802880-7517-4ab5-8e03-20d6268b617f,8.916666666666666
ac9a2c0f-3164-4b95-86d7-4173f09a09d0,4.733333333333333
7e51e634-cbae-4ce1-aa24-e3e6dd89e730,11.233333333333333
b9c599c3-7b48-4a05-bd8b-32378f068ab1,14.35
bfacca22-89ed-476c-ab6a-c966e721f417,1.7166666666666666
1968b0cb-d668-4cbb-b8a3-04734c83a0e4,11.266666666666667
497fab1f-ca88-4a2f-9f28-f10d5f429c6d,11.516666666666667
2b5af278-056a-4983-9e82-f491bb2e2ff7,266.81666666666666
e28d1c15-77ca-4539-901c-249d61c18d8c,5.233333333333333
008d5ba6-cc26-4a18-8e30-bb6e70b58a57,27.066666666666666
daf74b84-e855-420b-9e1d-49798c37c3ed,12.25
7ebc3639-9de2-4d92-b266-9cf4ae1fc5d0,0.1
86715019-e9b9-4616-acb6-e8d1cd88357b,2.25
30c40968-ac23-4407-bfe0-7e6970a70569,13.616666666666667
26dfbba3-602f-45b0-b6f9-a99495dd6dcb,2.6
d6626945-b89a-4b0c-8930-3ebb8ea15f3c,6.166666666666667
2a967f39-7040-4995-a4f0-415f21df11e8,4.8
2c5909e7-d511-41c2-9f40-5cb46bd06540,4.966666666666667
9d6f3925-cd9b-4935-9211-f23c7cd25444,0.08333333333333333
6066acd9-b2ec-41bc-a689-175de1728deb,6.65
967af567-116c-483d-926e-9e9c30fd373f,0.05
1fd455e0-2513-47ad-9f8b-c36896c91545,15.316666666666666
5da3901c-2b18-489d-8a7c-65d71f180922,23.566666666666666
56dc52c1-0796-4237-98be-3aebd22b1d48,21.2
41030dbb-ec1d-4ce4-a72e-72dcb620f15a,9.25
dd3538c9-fcf7-46e2-81ab-691164440b4b,13.233333333333333
73460f75-df67-43dd-992e-be8f60e8f562,6.916666666666667
312d570d-e053-4384-aa4e-4d50895fe861,9.266666666666667
eba58c5e-d11e-46ae-bdde-92a2507d11b2,11.033333333333333
be51ceca-7c97-4824-8ce4-596e62bf2442,28.383333333333333
a6682ca0-30fd-4494-8ce4-26124764594f,16.116666666666667
7e9ab0a0-0153-404b-85db-c507fbc6130d,8.1
245a128a-b1e0-4960-aae1-aff7d6bb9af9,10.05
df1c52e6-5713-49c4-a74d-4130156ec7e7,8.716666666666667
0bcb47cf-0d7d-4878-8f09-9ee2b66f05e2,9.2
3128d516-56af-4c3f-a686-d917f791babe,0.05
7a3a2cee-f0bf-4881-95c9-c80e18015b91,9.55
11698347-df12-418c-9399-56a87ad341d0,0.11666666666666667
e712d48c-3feb-4870-bf0d-cc2f2cca1168,1.3
164f46df-ed86-4906-a763-b735701b0f9b,11.066666666666666
efd38d04-0109-47bc-b10a-ad5fab06d969,14.383333333333333
1f7204c9-d65d-4f6b-9747-07a725ceddbf,28.066666666666666
b27db7c1-16a3-4a76-b603-adc405da7de7,4.133333333333334
66f749e5-9a9a-413a-9b0c-28b64de7e9f0,6.566666666666666
62c5df2a-fba5-4463-b223-c588739e6725,9.216666666666667
94119bf2-99c8-42a9-a356-3479244b1aa3,26.216666666666665
8cd99b52-eed8-4d85-8c24-00224d4c4006,32.083333333333336
f88ec16a-6938-44cc-80c8-117d1f49c45a,8.416666666666666
9992dffa-7e32-4046-82b6-9d96f80ee49c,0.06666666666666667
f1c00cff-54d6-45a6-890b-0bb7aad5e0c7,8.833333333333334
d23eb2c9-0a01-45bb-a209-9ab967703bd9,17.75
fc302c5b-eee7-4a8a-82f4-147d7cd93b76,0.06666666666666667
e8c313e3-9409-4065-8929-ccd4769f0720,2.3333333333333335
7f30bae3-1710-416c-a0b5-6914d2df2c7f,15.466666666666667
c4ab5e43-07df-4aae-8406-bc98def2d5aa,5.95
4540bb2f-9e5d-48e3-be13-1b65e6115f6e,8.0
78597edc-ad27-4cc1-b83b-f09fffec2000,3.0833333333333335
df075773-38ac-4e8f-84fe-6461de3478b6,14.35
8b93c265-84fa-408d-ad28-c6690e44b536,13.016666666666667
e8ce5eb5-fdec-474d-be42-5dd1bb119f37,2.3666666666666667
906c0066-e1f2-4c1e-9152-cd1aaf9b6dfc,12.616666666666667
8452bff7-99e8-4fa9-8b2e-db4fe6948ad3,4.95
49678dd2-a78b-4672-bb60-1c315ee3848c,4.15
7d8b8860-b21f-4716-8765-7473d9e5fb64,12.15
8492a6a2-3626-4a8d-90b9-f33526e2ec44,51.36666666666667
50a38634-53e2-48f3-8f3a-b81c20bb1bf8,29.883333333333333
13a40756-db1a-4447-bf2b-8180bcef2ffd,22.4
97d5bf9a-8d41-499f-bea1-b15f0ba5a3a1,6.35
fb20a975-7e96-4de0-b1d0-3f3bb11a8bbc,7.416666666666667
c87365f4-bd86-41e4-ab7f-e97986f3131c,4.133333333333334
eb0e00db-abbe-4199-83a3-00461633b0cc,8.65
8bdfbd11-c2c4-4c0d-a0a9-cea7133eac14,11.066666666666666
c536dbec-bb2b-4ee8-93c1-102ca16fbb28,6.733333333333333
29d0a532-f7c2-4da6-a1df-f4a0fb299787,7.066666666666666
ea1d28d5-f280-4cf5-bb77-4fb897da2f71,5.016666666666667
7eb095bb-5001-4bae-aff0-8776b5f40e0b,13.783333333333333
be20594f-ce9d-4fea-8381-1e987a330b3e,3.6666666666666665
cf3bfdc3-1918-4033-a7b9-66ec16376909,9.516666666666667
00cee4fe-5d2d-4707-9cf3-87a7a4807005,8.616666666666667
2d2bdea8-6abe-490e-99d3-692edc51e67a,6.383333333333334
b3f7016a-682c-4822-96e6-09e7bd7242ab,5.983333333333333
987e9b54-b5ef-41ed-956e-8bac7229e856,3.55
adbef2c2-8769-4f5a-9ef1-9a6c78792c5a,9.866666666666667
bb0a5196-5bd2-4f84-9a3a-02e5f68901fa,6.8
2821c269-ddec-4934-b115-6f3bb6248cf2,37.65
3a3d7845-ec9d-4a70-9cfb-ceeca5abd0bb,3.966666666666667
d61edcc1-cd88-4e6a-91fc-c0ae9a44722d,17.55
8bbbd9ef-adfd-4675-869f-32e4fbcf8db1,2.783333333333333
e6fa2315-1837-48b2-b7f1-c8ffc5980a7e,1.4666666666666666
03a4ad05-387d-4a91-8df2-45f9632b8310,15.866666666666667
00dd1718-ddc8-49e6-a268-bd942b8fce61,9.283333333333333
6ae59119-329c-4ba4-a8eb-d6893abfcf45,6.116666666666666
c2785cdb-81ea-4ddc-9ea5-495822cf9c8d,17.416666666666668
644e69fe-5fff-42c7-ab8d-a2dd2dfcc96b,0.03333333333333333
a1646ff3-dc9e-4ffd-954b-9ba5887c4d21,6.366666666666666
754b3599-edc9-460c-b6a4-5019b17f18b1,27.333333333333332
3db38224-aee7-4ee5-8098-b128d9ed76e5,14.266666666666667
af70bf94-069d-4032-b46c-babec08824af,4.733333333333333
7c37ece3-3bc1-4a3a-ac77-8c3a4db2e158,2.033333333333333
270ece91-f2aa-4471-91e2-dcdc257255ac,0.05
1322f4fe-bf37-440b-ac20-05c0ab3e3427,0.03333333333333333
934de6f3-3ab6-495d-a41d-441cf5ed7546,7.883333333333334
8e088ced-82f7-40b3-a548-ec924eb5b20d,7.5
2a42a16c-24d0-41c4-8c52-36f05e42d91b,4.383333333333334
d2461291-b0fe-40bb-b5fe-1712a95c9eb8,5.233333333333333
564b7ff3-f16f-4ff2-a05b-c8bdb8c90585,5.783333333333333
79530c84-16de-4ca2-b504-48dae97b4d7f,10.516666666666667
4f9234fd-ccda-4108-892d-a1f05b5c19fd,9.366666666666667
6ec18dbe-509f-4f18-bbdd-33f698520298,3.5
305ad730-1dc7-49f7-bb55-37e5dcef9150,5.333333333333333
129b689f-ee27-4e5b-a53a-2189b8664586,3.3
ddd62ffd-ab49-49b9-bec3-6d6b8e251511,12.666666666666666
a3ea1ef6-0f29-490d-b890-13b37f6985b5,12.55
fa59403c-2d48-45a7-9031-5d6e144c04f1,3.5833333333333335
d3037526-a88a-4f0c-ad80-95c23854f5f6,7.333333333333333
e6535370-481c-4ac7-af47-d57018736db8,3.933333333333333
890324bd-8e45-444a-9d5a-3987cc3cdc77,12.25
dcf9ad56-62ed-41e7-8389-3b9dce0c75b5,2.55
915d9407-9491-41fb-a13f-a0f338a257ac,1.2666666666666666
9bb7bc31-d00a-45f1-b8cc-be015c8dd33b,2.933333333333333
0e5cd8a5-63bb-408b-9036-392c284b8902,6.583333333333333
32915b6c-391e-4527-9e85-9f8272f3309d,13.766666666666667
72c5eafd-a1e7-4dc4-b358-161888445802,11.116666666666667
799fb860-0363-46a1-9f46-f699ab6d0483,6.95
40d5136c-16be-4153-92dc-9a88736f0d52,13.183333333333334
47ab93a2-2379-4eb3-a87b-ebff2eb105cc,46.0
b8f1a7f4-8b2c-484e-a680-b702cf298f78,5.833333333333333
8c9aff19-a4f5-4cb2-85fc-2add4f0c063f,10.95
81bcaf02-8d4e-4a32-82aa-6c864aecf5ba,8.666666666666666
dff69d33-3d10-41d6-bbe2-0f6c3861e6d2,57.81666666666667
f806876c-f5e3-4a1c-8b5f-65400bb33c77,5.133333333333334
3ebc3865-640a-41b3-95c7-7731a2bc30f5,18.633333333333333
0f46e47b-8944-493f-957e-3854f8ac03a3,5.483333333333333
8546bcb0-3da1-4adc-8932-b09d6a7de687,13.433333333333334
7c18a910-aac1-4d43-928b-44ee00d0809b,8.15
ebcfef5e-ba13-420e-a771-7412c6e72e8c,0.43333333333333335
be0b4109-221b-420f-beae-4c10f37db41a,9.3
34c2c9c7-32cf-45a1-b8ed-6a505a105609,21.416666666666668
7f25486a-9c5d-49b0-9492-bc26e519442e,4.95
8391af2e-9050-4674-a0ce-cbc8c14ceda1,20.25
e93e2009-8026-412a-abd6-c8ee95b9a0f4,12.566666666666666
81f37fb7-efe7-4c29-8f19-95703cc38834,8.833333333333334
44e686e9-4e66-4be9-95dc-5077479f17d3,10.2
817536bc-8263-4689-a4bf-772fd1397bb2,0.5
47bfbcd6-1eb6-439e-8727-040e6c754241,0.5
dafe32ea-ca08-4704-aab0-813fd1fa8dee,5.45
bc2f18a7-43d4-4e4c-9a2b-8643623db23c,15.133333333333333
73814efc-4f22-4418-a8f3-edc1e79a71cd,19.05
6db64b41-98a2-4705-a03f-e25e72c1b775,1371.7666666666667
873d1225-f811-4c40-94d7-a2525b36aa0e,3.5
e682054a-63ea-4bfc-a2af-4ae526048234,16.45
2a2e0e60-dc50-4f8e-b970-4e33e7c4b4f3,11.916666666666666
98f1f9ea-4d9d-45e2-a3f6-a05eba947397,0.06666666666666667
b3dc8670-5b9c-46fd-a6b1-14ea8d2529d7,23.783333333333335
2f8da148-ac8a-4796-9013-d81281306713,4.333333333333333
5df7e922-2195-407d-a8c5-b443cc891696,19.983333333333334
8e9d8ffa-15da-4baf-8302-8d9a28f71f99,14.883333333333333
0ff961e7-1041-448b-83cb-0aef51cf0c4e,6.8
a8d092ed-09ad-4a39-83df-67cc6dd87d3f,0.06666666666666667
26277664-e991-40ee-9ca3-bbcc2b5fb931,0.2833333333333333
b40ef8ea-7c2d-4d75-9af8-eeb3ee706290,22.6
671a4d6e-0107-4016-901e-9d2e5aece22b,9.116666666666667
6499dc7e-c75c-4011-b28d-dbe07868d7b1,2.066666666666667
b57a1fa2-bf66-4684-9797-edcf7782ace8,8.35
469f4494-4741-41ae-be1c-4385d9d7d1eb,22.25
8526b183-ab52-4dda-a69b-d01f7b6249d5,7.033333333333333
ac86a847-0f44-4ed2-822e-a85066157e97,0.16666666666666666
0ae78397-0f9c-4382-8bb7-9bdc348ddc3d,18.4
f2ff3fd5-8714-4dcd-938b-63dfd24b100e,14.366666666666667
a31ca3e6-4bd5-4144-8089-e3c8f11ef9b3,17.383333333333333
eacf5641-facc-4663-b516-8c4b484586f0,22.65
de09bacd-375e-4777-9a40-0ac77f14b898,9.1
226bbf0d-706f-4a4b-ba16-f45511e2e10e,34.31666666666667
ea48320d-5f48-4260-b94d-f39aa6e0ead4,15.65
94d8d71d-367d-4ee7-8e41-828410a9e49c,25.45
475e43df-1caf-438b-aa9d-5c9e5cd9931c,15.483333333333333
0cc07c31-d594-405f-a441-a88eae010ef3,17.8
0b5bf8c0-3f74-4e63-ba27-5e2ddda3002e,10.0
4af5232d-1160-4e1b-8eba-6bfdc7cf98d3,4.833333333333333
3ad5a41a-699f-42ca-af0a-088fba96623c,6.15
99e637a1-5b76-4aff-87cc-52c0d66025e4,6.216666666666667
a029cbad-1192-4b3d-bb38-66cb1385033f,6.716666666666667
1a134b3b-f5d5-4800-aa7b-e4d052ea6975,3.8666666666666667
cd4d3de8-55ee-4142-9e2b-bb717281db23,10.55
556fce79-ea53-4beb-ae75-9a5068aadf64,4.95
2fa35de1-728a-4944-a0a3-f0e1dda1c7d7,4.95
59cda9f2-6fb7-4cbb-9b2e-5306bd3205c6,5.45
0e71a0fe-94a9-4d06-b939-8be6207e214f,14.666666666666666
317ae647-f256-441c-b1f0-d3712a190b7b,7.85
8c659c97-db22-4166-8101-92660228bf9c,3.05
3a3e8c0b-3bb8-41c8-a369-25796ca82923,14.45
d9b3048d-3136-4104-9365-37312628cfac,8.433333333333334
431b01d7-5f36-41bc-a924-6bc6c3cc3c07,6.75
6e9a437f-c3a7-4600-a38b-e02f267796dd,177.25
eb702dda-6b15-4a6d-87ad-361eb5e87308,4.333333333333333
33dccde9-76a4-40b1-bbac-c92a6b6cada9,10.816666666666666
e8d49749-d7ba-464f-8ac2-a2a5c6acbdf9,2.7666666666666666
02c36e91-cd78-471c-b2ed-a9b5b4eb7f4a,0.05
1d17eb0f-ed96-4737-b1cb-20a11696646e,35.833333333333336
f685b7ae-e5b4-475a-bea7-9fc3818e96a9,5.133333333333334
08a6e19a-42fc-41d7-9891-0e0189436fac,18.25
fd18f429-7be8-4685-b4b8-abd56d87b4e0,5.95
5802a3b6-9f90-4cb1-9e34-2d6604ac674d,10.383333333333333
71790d9c-d1b8-4e7e-add4-563e4c6b423c,3.966666666666667
72bbcc45-e4c2-4ff3-a316-1c270fd13eab,17.233333333333334
41ed28c4-2cb8-4e6e-9e66-2ec00ed71e44,29.216666666666665
d1687199-2648-4cc1-9851-94b7671b31c8,10.05
fba8e29a-5022-4578-bfd4-031e9f5fdf70,11.7
5716d32a-469b-46c5-b440-4139d95db65e,5.633333333333334
4d7f57f6-6efb-4987-b125-5da9ae65d197,15.933333333333334
1074a571-506f-48a1-bfe7-9e1140aa4b81,3.6666666666666665
ca286404-7912-44a1-bdf9-0fbe832ddb7a,1.9666666666666666
2f27b4b8-9262-4667-a0fc-1c746e628182,1.75
6264e0c7-4532-48a7-8c89-ae0b8c1912ff,6.933333333333334
64783b21-69ce-4e3b-b4f4-7e4227418a18,11.633333333333333
adf41475-420a-4b9f-8ee6-73681f84cf29,11.683333333333334
986f42e8-823f-4f4b-a21f-05130f5fc830,12.716666666666667
4b3afcef-b188-4ae7-9589-9000c2762b13,7.783333333333333
76e29f4a-a2b1-47cc-aab4-187ef1f469c2,23.366666666666667
6a345c85-8f9d-4d60-84ba-9511ac9f7291,8.2
d0f4f6eb-ae33-42ab-802e-c4cd0b91b972,21.883333333333333
4c6a57a4-bc31-40dd-9e7c-be49d94dea18,6.1
aabb7b6a-d033-4be6-b59e-7cd574791de9,16.05
b00c5793-7016-438c-8698-ff36c964ce38,16.533333333333335
c0aef7d7-f06e-4c21-b9be-f8672be8c6da,7.55
c200410c-9e61-44d2-8148-9d331a7753a0,32.333333333333336
4ac79792-4b2c-4426-be55-b87581145026,10.416666666666666
41d67024-b5ac-4c41-9bb7-29818e351dbb,3.566666666666667
0f6be3f0-2ce4-4ced-a335-aad7191086a4,11.133333333333333
f4da75b0-32b4-4f15-b6c9-0a95a3c3651f,14.7
755ac9b3-c195-4c97-9176-e57a20f483e6,8.3
5c9eb079-f970-45bf-b5d5-ae213b1ecc5b,15.8
41111992-2692-47c8-ac09-649ee420e4d8,4.483333333333333
8d7017bd-857b-4261-b066-ef06bfbbcc88,6.7
05c24966-470d-44b4-9862-f30de254bfb6,11.966666666666667
3fb91fad-c3db-49a8-b317-74d6b741dc28,9.166666666666666
75694e06-e5cf-4111-b180-eb6c92592c8e,25.15
3d9e70e5-13a2-4ca4-bfb3-533e961d86a9,0.06666666666666667
3bd5e0f8-cbce-4ca9-8792-00b8c5884a0a,0.06666666666666667
2d928e25-d6a7-4d5e-a73b-d40bb8f502cc,0.9166666666666666
2ac015f0-3751-4898-b03b-1adf8d02374e,0.06666666666666667
cc0caa38-a416-4519-83a3-7fe1eac035b7,0.05
cc891ae9-36a1-45be-b89c-9bcd9f54b4dc,39.416666666666664
3a5df7ca-fddc-4190-8aa6-aa52ee4f41e4,4.15
5b83b4cb-2d3c-4eb1-a0e5-6dc48c9ff1d6,4.916666666666667
79d2207a-9074-4c9d-b546-cc5d82dc2ad9,0.4
35041655-e89a-4cff-9ec0-fa549810f8de,7.15
5870af2a-081b-47f0-b28a-3a5e32b3dba1,6.2
2a3693e7-6b1b-48fb-a685-54dcefc6a36e,13.3
552b1ed4-e53d-4d3d-9bd9-9be0d4de5f9e,9.716666666666667
b5551246-89a0-4741-afbe-a834acda6e4c,6.983333333333333
4999d7d6-a9c4-404a-b775-cebe496fa809,7.45
8352a0a7-d602-4a98-b48c-b4f6f2e6c78d,29.166666666666668
18ff9417-d15e-4c93-8b6e-aefe5c21bf03,17.466666666666665
da6ac909-6bc2-4e53-84bd-c109c94482c5,6.916666666666667
58719aab-c02d-44f2-a53a-9f476f0ab291,18.7
0311b6d8-937e-4d41-9934-965898e975b7,5.983333333333333
142dd1c2-9434-4960-8081-caf41ee5c2b6,6.183333333333334
1ce64020-0b49-401c-bb91-eb600d91e543,0.35
fb9840e6-7955-4afa-8fb9-4a3eae926d0b,9.45
627dfafa-2af8-42ea-ae0b-4dfad03b4578,23.45
e818d7f5-9f4f-460b-9eec-b0516edbf0e1,47.8
0a93dbc3-8a14-4ad2-b26c-46397f1d2d99,18.5
cc982367-eb60-4c4d-b247-2f90fda9f117,625.3833333333333
3d01d10b-e1d7-4cb2-b9cb-8618aea6711a,13.933333333333334
dddea2e7-07af-41f5-abb7-c2a15cbb6209,9.833333333333334
b715bcd5-2608-4ecf-bcec-caf2f1334c83,3.6
e54edb72-b9cc-4281-a7a7-37aefec441b3,15.55
5616ac9c-9603-4dfe-9f29-67033a939876,13.866666666666667
f403c94a-cecc-441b-a537-b4708e621ade,9.816666666666666
d339dc18-b9b1-4efa-a856-41d17e756cc6,17.383333333333333
8573100f-c0fe-4667-bf7d-38c1d7040481,25.1
4bf0071d-e776-43e5-aee5-57e89d92c68c,5.183333333333334
feb39989-b522-4584-b979-824ae4545295,10.8
26c03625-623e-45e1-92c0-38afcd316ee4,6.166666666666667
f72caa57-912f-4628-926c-ced222c72ea3,7.783333333333333
a09bc1a3-0ddc-49eb-ac3f-cf3ce5d1a4cb,0.03333333333333333
88b1cbf2-c9d7-4f25-b76a-349937e792cb,7.416666666666667
3b71d5b1-7b52-49b9-90d2-b981f3c55df5,17.6
db87c8f8-8b64-4bf0-928e-0c6ff2862d28,14.45
b18582ff-b8da-4622-a26c-f8c3cab9df63,21.116666666666667
3b0eba5e-f868-43c9-9e39-eed471dd568b,13.366666666666667
c4857596-5d8f-4fe7-9e01-b2d8344730d8,13.45
9cdeeb4d-7324-4423-a8fd-0329fafe0d64,11.15
43d26e51-916e-4fb0-9430-e34784881030,12.583333333333334
5c601375-611d-478b-8f7f-4a82035fe84f,6.6
1f1a66b9-5eca-46b1-b7dc-9c940e338eb8,6.6
7f98a6a5-4597-4a79-9d1e-4552ca0820a8,8.85
bc778706-4a1d-456c-a84d-5c41523a4413,6.85
b2ebf132-199b-4846-a114-54d5b9d50290,9.633333333333333
ddd54142-734e-4002-8f7b-b131f8d94467,10.8
5e854046-e4a9-4327-85f6-454eead7dbf4,5.666666666666667
b8d3da8a-0bd3-4dbc-9db9-49de793695f2,2.1166666666666667
99a814ed-94ef-40d0-884e-ff4b8f8ae9fe,9.85
8abcd05b-a566-44c0-9fa6-eabf1ba7bd86,15.3
96961533-fa1d-4aae-9a31-742eebf77f60,18.65
574c362d-8e7c-4015-8fd6-a04e808e2945,6.566666666666666
d012dbbb-daf2-41e4-8938-d382669e7282,4.3
a39cb244-b88a-4316-bbe6-bfcc31093a64,2.5833333333333335
b4f5e399-af3f-4451-98bb-5211331881d2,35.483333333333334
504a34ae-2e01-448e-a1c7-6f2738f12a62,9.65
13261046-1b01-48d7-978b-a7c2de170ba3,2.2
e5ebb1bf-36f8-451b-96f7-204f8f841ff0,8.083333333333334
8a337b4e-5bae-4fa6-9eed-e6a027dab460,5.2
cc42ffa5-e5c6-416a-8b14-00768876ab3c,24.083333333333332
ed3c0233-16ba-427c-9555-53bbae48d418,8.833333333333334
8cd20110-075c-4cca-8b8d-323f474cf9ec,14.916666666666666
f54f951a-ba52-49f5-bf5d-d050d3352f2c,21.383333333333333
721790a7-ff32-403e-9eab-99f21fdb0e6e,14.9
805eb053-857b-412e-a66c-585d28aa5886,3.5
8f340c57-3884-4ae7-8549-814155bcc2fe,26.0
f7674176-ccd9-44bd-8224-8b030d01b0c7,17.183333333333334
b7e45352-d1f0-4160-916b-40b020c893e4,9.666666666666666
67023c32-cdb5-4b74-977d-143293d42a53,15.033333333333333
2dcd1bb4-614d-4d33-9462-55057a9bb916,26.3
517f3342-51a4-43da-99f7-9853f19ee926,9.7
ed2e27d7-0da9-4078-aa2a-a05fe1a9b5f6,13.933333333333334
64f5cd03-e2b1-4eec-b357-f5131c7e69f3,19.216666666666665
100f0206-cabd-46fb-9c59-7a4346e235c6,42.56666666666667
c3de3ff4-6229-438f-8ac2-950850c4aa65,12.1
374cc8eb-3de5-484f-9152-fccaf45adbc9,8.283333333333333
3138399b-7e74-43d2-abcc-2cf36b775ca1,3.3666666666666667
d3d0b9b9-af40-4c92-8ead-23b2e60bec79,19.0
fdc25b77-be35-4355-8e05-42e321f63b0a,31.7
5424aa54-1b11-429a-8ac3-b49f715421cf,10.166666666666666
564db561-5240-4dce-9beb-4e3b430b0d85,0.2
eece3f0f-b523-46ba-9557-57ff770b5c79,23.6
cc0166e0-718d-46ba-951e-0d3bfaf67ae2,7.95
efa38851-0f19-4eea-932d-b6a93b97af68,6.466666666666667
9ab90203-472f-4f1a-8b33-1f6e5591df1a,3.533333333333333
f5f8e96b-1b64-48f5-9bd7-6f1a323444f3,8.783333333333333
45790f63-7af6-444a-b342-e60def438042,22.9
2e2a7d95-c0b0-4584-a8e8-95e5888677ee,10.616666666666667
25197df2-8548-45dc-9cf9-9df2ff9e1bc5,10.766666666666667
99a1f556-b163-4f06-b8c2-9adbe1f1a02d,4.483333333333333
f9d229b1-a99c-4c44-8ac8-9fbb336cd0d5,4.166666666666667
2062ede6-1693-4bad-8fd1-da2abb456eba,10.066666666666666
8ec7b0c8-4567-4dc7-b714-76415155903b,6.1
de0a494b-7143-4627-9612-384d65d5eec7,23.333333333333332
434bf5dc-7895-4522-af5f-c8d44185fa8d,6.516666666666667
08be8397-e8e2-4845-abf4-1ec1f14eb8b6,13.8
dfd20558-c3b4-45cb-b72e-d839e296d1c5,21.583333333333332
499d545b-68fe-4b49-ad50-f1e22f0825b8,19.433333333333334
a836138a-9343-4b07-ac3e-70d5952caf35,6.0
29d11b80-1811-47b1-ad89-9ba91207f33c,19.133333333333333
17dcda37-b6e2-46b6-a33d-b3af573ee994,4.25
76dcbd54-bfdd-47fc-b1ce-b7df1aa3c47f,13.25
35a1c34d-bc19-4c73-81fd-0073cdb31eb5,6.833333333333333
88f5c1be-138d-40d3-8308-aa445c4817b9,11.633333333333333
86823feb-9303-4ba5-80e1-bdf96e691b44,12.383333333333333
6841bb0c-bdd1-4845-87cf-42e71a275858,6.733333333333333
beed8eb0-a7c3-412e-af02-06b066b9721d,31.6
736268dc-0661-4fa8-b5e5-a8a90c951a0a,6.033333333333333
1708297c-c05e-4a28-b230-e410cdc48897,5.933333333333334
e0788cc3-2ebc-490c-9a1d-1d1be5a7724f,1.5
3bd0c951-1288-47aa-9683-f3d56e5c8e5c,23.783333333333335
6fcf58b2-bc01-4987-b099-6363202e405e,13.133333333333333
37fd578d-e965-44ff-bc8a-1db74c6ffd09,3.45
fe8d78c7-cc99-47da-a36e-4df497950ef8,8.083333333333334
a37248df-8985-496e-b37f-2db8d69e579b,5.233333333333333
054a8e89-8327-45e6-9bd9-cd7a6a0bc07a,17.2
0efc1190-e81f-4ce5-98d0-8328ac7de676,8.816666666666666
23786d94-19c6-4e23-bd9f-0e585a8676b1,0.5
d3e693b4-5ed2-4815-86af-0363a3df66d3,170.23333333333332
27bade5a-d436-44b9-bdc9-a3e9df8def1a,4.983333333333333
242971c6-43ca-4c67-bee5-28356866089b,8.55
fc11bd67-c389-4f96-870e-0fbec035d050,5.216666666666667
3ef90cd0-ccb7-489f-a470-3a1d521e5352,9.75
a8e2134d-66c0-4cb1-b9d0-6c0afbbbffcc,6.95
15457fd7-36cf-4cf6-9766-3af520e0aa46,21.45
cd9557f8-fd98-42f3-9dc0-9e26a19585ee,13.683333333333334
f86c5c5b-a261-4355-86da-f7b380f9e824,6.983333333333333
cd2a19de-9a4a-4c94-a687-c049acf8a9f3,17.566666666666666
1e27abf1-0b80-4c1c-85c1-89558078c0ad,14.833333333333334
c6af232e-b93d-4b4e-aaeb-8b428aac2080,2.85
43970200-8674-4299-90fb-789976d6f0ae,4.2
69853b3f-cd34-4aff-a7e1-ff05c0540c60,14.566666666666666
e30310ed-925f-461a-a0c2-071e62fc10ad,7.766666666666667
a0547d10-c1bb-4a94-8d92-dea6b0bf5ab4,11.5
515cbaea-387f-4982-940c-8ddc02b6d6bd,22.05
bd52ef0e-9851-4555-abde-132dbe8d0a1b,5.283333333333333
3b87ce29-3e7c-457f-ac85-9636c57d83f2,6.483333333333333
41f7b371-34e8-44ff-94c1-8cdef78838b4,26.85
e0b64f96-125b-4b0b-a69b-d0f0050d7188,18.516666666666666
a6699727-b8c5-47ae-82a4-df47b86459aa,14.916666666666666
0d832ef8-5827-4b11-a611-7591496d0f19,18.5
5581229d-c010-4809-a734-78095db84cf4,12.983333333333333
00e31a34-5207-49a5-94a3-37e6b425d682,1.8666666666666667
a7c424de-207e-440d-925d-3ebd4054e478,2.6666666666666665
685d827d-5115-4277-8493-05519c9b7962,7.85
e6894831-7247-41c9-875b-3358fdea96d2,16.416666666666668
21669fb1-9ef5-442c-9acb-6a1142f43c3e,9.2
f7c9aa06-e714-4fb3-be8d-344a5afe1e55,9.833333333333334
1e4da0ec-210c-4583-a3b8-ad27e238804b,3.2
3cc5978a-8413-43e4-83db-0db8eba40340,6.016666666666667
ef050e88-dbf0-4cb5-8943-f3c62d9267c1,3.3
74926ae6-1b8c-43bc-9ad0-cf2fdcf3cb62,29.033333333333335
dbcdf4c7-e458-4694-a9ec-b6c711d9680f,2.566666666666667
88507922-368f-42cc-ad66-f832f0c5c14f,2.45
3ce859a4-4954-46af-8ce5-8c9f1d5b44d3,23.85
6bb60630-cb05-4370-84f7-286b4eed0e2d,2.8666666666666667
726c4bdb-45d7-4238-85b4-33b2f871d9ec,7.6
fdb88b89-e4b7-4b10-9522-69633f8c604f,5.75
e47261f1-55ed-448a-b31e-9c856bcc7de1,26.183333333333334
61cd6da6-a68a-4747-8050-3c2804dfc9ee,21.733333333333334
82635bf6-ee64-4848-b65f-71ee1014d73d,16.433333333333334
7405cd00-6ec9-43ef-a8be-205a6434de36,6.25
28af1994-0543-4d66-b622-77e9c65d13f8,0.05
ab4d0a58-f31f-4f3a-98b8-623281d60e25,26.933333333333334
feb8c3d1-ffe1-457a-b747-87b802181d13,10.116666666666667
59947fbc-cedf-49fe-a697-253adfc2e1c2,10.583333333333334
d7626908-119e-4120-b4fd-ccb0003e5782,23.566666666666666
8473e6cf-0d62-4ff8-87e3-fade6198e8a9,8.166666666666666
eec9be23-c124-41d9-96ac-6e6771cfefc4,6.5
be90fa08-ee3a-49e7-8d5f-ffaa7c47cb25,9.0
090cbb7b-7591-4a1d-b4ef-7a0473491764,7.516666666666667
56be0186-f3af-4959-bf0b-d3b6e5e5c617,10.416666666666666
8f24bfa2-8eb1-40f0-a399-c7ebbe5aecae,4.8
3cbdcfa9-0942-48a7-93ad-6105bd7c4fb6,21.716666666666665
317d5247-86d2-4dd4-acf3-5028e07fa446,10.45
60b682bd-446a-455c-b193-e1ca7b7e1ef8,12.416666666666666
a21a3cfb-6ba8-4c47-a52e-806573e3d573,16.916666666666668
d224580c-d2ef-4c42-9d0e-8cddf08e86c3,6.15
a51bc6f5-e4eb-4217-a0dd-bf9e2da1488f,14.883333333333333
0ba234b9-4a76-4117-bb4c-b8e635c3dc2c,12.883333333333333
91c3b4ba-c14d-49e6-9385-e764d0441f4c,4.433333333333334
0a9c955c-bc96-4e42-9527-7dea1985ad8c,9.15
9028937a-ec0d-45eb-882c-48e5d94f15d6,12.383333333333333
21ce89a3-0aca-4744-90e1-bb133252d5e8,5.916666666666667
74c44c05-778b-4400-8f7d-c1803e2d9f0c,0.21666666666666667
b38bc398-86ac-4e26-a78d-f7355ae6856b,6.516666666666667
baad11cb-78c4-4cff-a6d1-5c4281dc8801,9.95
a17f6a6f-00ea-44cd-a304-386e3ca88f6f,6.683333333333334
d3918dc2-e78f-43aa-be45-b7366095c44f,16.65
6843fc62-a9ae-4041-a7e0-9866dd56cf89,0.31666666666666665
4a84f0af-f791-4557-923a-5845652b704e,7.8
10e7f00c-7b8e-45c7-83f5-7488ba3cccb3,10.933333333333334
0c3f8d91-8661-47a4-b5d0-4915c3b24328,15.616666666666667
5a6f3434-e717-4d93-a776-b29301e30d8b,10.15
81f8d8d2-ee1a-4025-b224-dfc18ae21ae6,15.666666666666666
ddb817b2-8d7c-4e1e-b0f5-5c3f8841ac12,27.4
ce3ad846-a5ef-477c-b5d7-aeaa5a06b494,12.25
142d004e-d89a-4f3e-8319-f1d7ce8f842a,17.733333333333334
06afdfb9-f914-4bcc-94f1-ff1d26da3e12,25.25
1c0ea652-985f-49a5-aeb2-da0834824c8c,6.216666666666667
37eeb50d-0ba3-48cd-88ac-297641079390,12.966666666666667
aebef28c-02f2-4f01-a805-b2c17c7d5efe,3.65
1246cdcc-4b26-4864-830a-699dc9682720,15.666666666666666
07e66ad9-3923-4b77-92bd-2596875ed31a,10.933333333333334
d1d32353-e9b8-4f2a-aaee-5431c9d8476a,3.533333333333333
7f9d0e75-815d-4179-88f6-458dbd685ccd,4.25
9dcadc45-c5b4-4f9e-ac6a-1304a7d7ce9e,10.916666666666666
8cdacea0-469a-4e65-a0e8-1804bd8ad6d1,3.4166666666666665
7e841fc5-0243-47b2-af36-0bef685e7110,12.4
08defbe5-fd1a-4900-9e94-db11255cc384,17.5
20f1ca7a-fb99-4b76-b5ed-36075175cb0e,0.03333333333333333
c37eba1d-a97b-4c79-aed9-1783a0823533,3.8
83fc1221-a4ba-4fa2-9a7b-769432547dec,8.75
e100c86a-867f-4ce7-bafc-b49a8ff038a8,24.716666666666665
ab02aa11-8acf-45bd-b52f-892f8adeb329,28.133333333333333
92509ca5-006c-48f9-92ad-551fb6747c3d,12.583333333333334
7fda4892-5c02-40ba-a506-e692841639c2,4.966666666666667
d60c554d-592a-4934-a7c2-fd5195484c48,10.5
e1a0b4b9-0183-4503-a927-3251a65b000c,26.566666666666666
b1a7c7d5-36fe-482f-a1dd-c605d86948fa,9.7
78f48ea1-cf8d-499e-9f68-0a184186a8e7,13.95
26e9127d-5ffe-4d29-87db-f6b8020978e2,8.183333333333334
100689af-2506-42a7-b97e-c81bc0b46227,3.1166666666666667
752a9151-3a3a-449e-8004-346dfe1b78bb,5.183333333333334
9607fdbb-d54d-4f42-acc7-f16bc4537a5e,4.116666666666666
a33ccaa9-9ae5-48cd-802c-ec38df404c2e,22.966666666666665
1490a04a-3763-4cf4-b63a-0c241bedbaad,12.8
31454acb-dfbb-46a5-81b7-51c8fe7d9cad,12.9
420f4b3c-4ff8-42f9-9ec9-a3ea35007bbe,6.4
a6841fbb-1c33-4487-83fc-5510e80c88fb,10.133333333333333
06ff4dd2-249b-4bf5-b1c6-db52e084e419,0.03333333333333333
2353d108-75b8-4e2e-ad23-fa9108c8fe40,33.8
c720ec4c-565b-4964-8ab8-9ae7cdf8f845,11.816666666666666
6c6be05b-aec7-419d-98c1-251b97c5209f,20.333333333333332
07ca036b-c250-4be3-ae24-49115309cb68,12.683333333333334
a3be3db1-8f88-44af-9812-4eb6615f6d3d,10.983333333333333
f0bc5515-ee27-44eb-939d-aac3c43c40f1,11.6
0a436c3f-0d0e-47d2-9d1e-549f387e7ea8,0.38333333333333336
5a104c39-53d1-4c3f-b719-a9ca5a9236c3,4.35
e6044b28-9bef-4974-826c-57d4b7bba175,5.5
ad8e3a06-cea3-48fd-b40c-88debc7a1628,31.833333333333332
1f6341ca-2179-47e5-aa4c-c19eb617be5e,5.816666666666666
9f66ff37-9006-446e-a6bd-24f2c7609c72,8.266666666666667
db9d6e39-85c4-4836-bb3e-df719ca87fd8,7.733333333333333
df1fcb87-90ba-4ee4-a2fe-3e702df68dc2,0.11666666666666667
c1db6145-4802-4380-98ed-fd27f60881ec,7.35
2a24b52a-2509-402d-9781-9886c0ef24d3,12.433333333333334
4891924b-c46d-4af0-b0b2-c07d9b46f6a1,13.983333333333333
a0a44c44-6847-4ff6-b4fd-d83cf554b63c,27.616666666666667
4a877770-1246-49ec-aff8-8739527a4d2e,40.266666666666666
2258238c-1ec8-4163-ab8e-5243561ffa73,2.316666666666667
e73e98f6-9280-4da3-b0ee-61a296c66a34,11.383333333333333
22ad5dce-ac03-41d4-bf79-df66bce7a1b6,35.43333333333333
bf688060-b348-4745-bc64-61338da0489f,0.03333333333333333
b40a4ab7-bfe6-4e33-9ee0-d2f8f81db203,10.85
71693dcf-23b7-4009-af33-a1b45a5b7fe3,10.433333333333334
ab9266fd-4c0a-4d38-878c-abad048646cf,4.716666666666667
dfa07305-be6c-48f9-8626-054a6e62ba32,26.9
c784ac37-50c6-41c9-a47f-414deb6394aa,17.866666666666667
d2a3b060-887f-41ac-b31e-a8d70b008f8d,21.3
c44e4131-4fc0-41bd-9ebe-b726ae1e2e3c,24.05
2525cf28-5e81-4aab-a163-532984b2e7de,9.0
68c5eb19-da28-4a4c-85c3-b8a49dff52be,4.7
0c752010-9fd3-4d0c-8714-9ba5a4d4291b,27.35
f6ed1fa3-108e-49f8-ba59-cc683c1ee475,17.05
bab0a8bc-1eb5-4bea-8ad7-4b83fdc0c853,16.983333333333334
a7f69e89-a913-4b3b-802c-b8255674a1a9,4.8
9af7dd07-4d78-4076-b8d9-cd6e0f680867,5.883333333333334
044b00f4-63f8-42d0-802a-ed872cac81e6,13.416666666666666
357c392b-8de7-4301-8ea6-3bb616c7c80e,10.733333333333333
367c1af5-b7c3-46aa-b5ac-049c5c9cdef3,3.7
f1fad279-096d-40c9-8096-03393638ee22,11.566666666666666
f9007166-8b85-4d04-800d-2900adac226d,17.533333333333335
e6e2728b-4118-4fab-b48c-1673531db78f,32.666666666666664
0cf6e48d-1458-41c4-99f0-2f566e71e14a,6.5
5ecc743d-8083-48cf-b45b-8025ed5954ce,15.866666666666667
62b5c49a-07dc-4851-9e13-e53ba148a486,6.233333333333333
cb762d8f-6ee7-40e7-b67d-2268db13b941,12.583333333333334
f5f4ee02-b412-4255-9ce6-e26f588c98cd,0.06666666666666667
c95d2fb9-a175-4b88-b824-ea81dfe8a2c4,8.65
4fa936dd-a83b-433b-ba70-8f5cd17664d9,23.516666666666666
9cccf9d0-f186-47ad-ba51-0253ded20e4d,6.85
2fd8193b-06d0-48f0-b3b6-a0f4f4f8486b,9.416666666666666
fcc1ec68-af10-4472-bea8-d6025379e941,7.433333333333334
2238c205-7727-47c7-beaa-6761676dd90b,14.116666666666667
606ca2b0-3f0c-40ac-90d4-7d2b3ffcb2b2,2.9166666666666665
e946d437-5b11-4f70-b2bc-14d46c5c7a39,6.766666666666667
7ff084f4-7dcd-41c1-b0a7-59a735f6053e,5.383333333333334
b37c3be1-a99c-49be-8447-07cf6c45d4b9,10.05
dbd3836c-0027-44a2-a24a-3745c8e643f4,8.683333333333334
891f59f7-5cb9-4e16-b355-e01436e35185,16.633333333333333
5fad8f52-1a15-4b47-b52d-c316640dc122,42.55
f6e1bfa2-541d-4241-80c9-1345ddded68b,16.516666666666666
f549f3ec-5df8-4cd5-9cd0-4aedb4c00ce5,0.03333333333333333
933403d6-d145-4258-a640-25e302e8c2a5,16.1
1b4dd9ed-723e-4058-901d-3725ac0fb198,3.45
5a581efe-d35d-4a16-b827-cf3cd5820039,7.383333333333334
9b2a1d6e-36f8-44b3-bc0c-241a9634ffe4,15.883333333333333
e9deb372-1c9c-4889-ac75-6af465f2a2a2,22.15
58680085-3a77-45e4-8c62-833cd5d0885c,5.15
b93b478b-25db-4a29-a3af-ba789bd45082,10.683333333333334
863ee14d-5f12-4bb1-b8ad-a1e6ed331188,13.683333333333334
05a13d4c-3896-4035-bcc1-1768090f34cc,25.1
2225879a-496a-4ae1-9109-3125fc69dbbf,11.133333333333333
cbb8cdef-2662-45e6-bdd5-2726b183bd54,31.3
e9ac826f-3740-451e-98bd-f411acbe662a,8.45
63ed7b2f-d9d8-46a6-9d60-8c8152e8b51b,6.15
4dab31f3-4e06-46ef-b8dd-bcc235c40627,8.4
751719fb-46a0-4025-8019-da06f3269e8f,4.8
3b6b7f35-ad9e-428a-be5c-25a74a3b4815,9.15
3e36c380-98f7-446c-823e-6f8d9643f9ae,13.766666666666667
597c39b3-2a39-4c46-933c-47e7e3be515c,3.2333333333333334
ed059291-6323-46d7-b480-559537b1c43a,13.933333333333334
13f6c6a1-86f0-4fb2-bda0-c5159a56522a,17.366666666666667
c87161c9-392d-48d5-a34b-c03ea47db01f,11.716666666666667
a31d9382-abe3-4209-a156-cb47d395fbb6,9.616666666666667
b13b86b9-27d7-4662-bd55-90a2682820fb,44.416666666666664
a1e2df44-d25d-4ba5-87c0-4870c7563f6e,15.033333333333333
4fa1e813-4470-46c3-8364-739b9163b84e,16.4
2294d020-8f23-4fbb-8a07-8507acd4e159,12.666666666666666
91a397ba-0369-48bb-bc31-3905c3741d95,0.18333333333333332
cd62f745-7a17-48da-8a75-da2033d11477,15.516666666666667
9f0ad2bb-3206-4df2-9684-88e369c30a7b,15.483333333333333
9934ddee-02cf-42d6-9ab9-2c9b56a97111,7.0
c6c4da43-5719-4396-ba0a-bea03c43e889,15.25
aeef7ef6-ae2a-448f-80b6-06caaa923a11,21.883333333333333
5a5e8724-7b12-4883-9d8b-f9e0ef056016,20.55
e9e43ec5-5c12-4133-ad62-b707970067a5,6.916666666666667
8b15d9b8-282f-4c4f-b0e5-565ba7f7f476,16.95
d276030e-0743-4fcc-a9f5-c984369203f6,12.15
43969a4c-95a0-431c-b348-39e1426473c6,23.016666666666666
e109bf34-3ad2-4074-8349-31b22968fb10,11.383333333333333
bb84f06c-36bf-4d9f-a5db-0f751bd58a1c,15.95
7ba30dd4-b1cd-4545-862c-d70ba874e6ff,14.683333333333334
daac095f-e216-43fa-ab42-e8ad69fc8ae2,16.75
77628223-f2b4-464f-b245-806c240ea66c,9.483333333333333
cac0f99f-229d-4ad9-9ecc-f913b4a74b06,5.016666666666667
ee9bdaaf-06c7-4d8c-8c04-cb4385e3f61e,14.75
5890f54a-506b-4eac-91ec-40c73031291e,37.0
c3263ccf-4bd6-4fc7-8ade-6b658bf2e5dd,12.833333333333334
2f1d6bb9-5360-496a-b737-5939a0f9762d,7.25
06d01c2d-422e-43fb-ba97-c4ee35bb9c4b,3.3333333333333335
8b04c866-1362-4b8c-bee9-9fb7b6572bad,9.716666666666667
6d182d72-9196-48d6-82dd-47ee80b056ff,10.6
0002fb66-2e70-4c1f-901e-7b7aa7b7d6a8,6.183333333333334
81c661a0-5728-4917-87f9-a8fdea93f55a,31.866666666666667
4c0f6bd5-5f6f-4e8b-a81c-14ec77479e2a,16.85
a6f0bcda-de8e-4d1e-8dce-268b226bdafa,7.416666666666667
5113c6ae-95b9-4bd6-bcd1-4218a89bc7d7,10.85
64eeb72d-c5a8-4964-b015-676c7d52dce9,8.95
e4dc1a8e-bb07-4da2-8c28-cb1fcf9fc0a3,6.083333333333333
168809cd-40a2-40b7-9144-f457eca4d717,11.666666666666666
83b0da71-68a0-4fb5-b5de-7111fd8b877c,4.583333333333333
5c07bb17-9d28-4982-80f8-1eb8d1419707,9.033333333333333
08c36384-9f71-4336-9efa-2a4b3a329aba,21.716666666666665
6b17e80a-98c4-44f0-9c8d-435fd5a6e499,16.883333333333333
07c2c09c-4db8-4781-b9f2-d8227479e0b2,11.916666666666666
4116113c-2406-4699-993a-9f2d2227b895,16.1
fc116447-9788-43e1-8b6e-62dd4ccdbcf7,17.533333333333335
12402a6b-0ac1-4698-92f1-411ad7d8f543,11.466666666666667
43339b90-b134-4481-a5d8-47fe09c62afe,3.316666666666667
b17029c9-43bd-4d18-9d0a-260565039e77,8.65
68a0b6e9-1651-402c-91fa-feafab8189c6,6.05
7ad4df28-5df0-4a37-acf3-def707bb9fc1,8.333333333333334
ccef15a6-6f32-4f12-bbbe-10b196fe47f8,11.083333333333334
9e66513c-62ed-453e-9690-6fb754b5063a,23.433333333333334
4a3aea13-200d-49dc-b59e-c363a66b4916,12.05
854e3a30-f33c-484f-8d2d-45c9535a8ebd,6.266666666666667
e39dff20-5a7c-4c7c-9bf0-3fb2a06c9bce,10.2
9194c2c1-58e0-4a46-bdcb-3f410e6b571f,13.566666666666666
be19eac0-cd41-4542-80f2-fc3427f045cc,6.733333333333333
f2eb8886-75f6-4128-8cee-614804e3befa,21.683333333333334
a2a6e82e-ae7a-46bf-afc1-cb97247e14aa,13.6
b5c0b5b3-d3c8-453a-bcc2-11078b706348,4.166666666666667
d47e58d8-573c-46d0-a9a0-4d1311c6a328,2.8333333333333335
0a2da91e-f2f6-4322-8fd6-99e3a8d132d8,16.566666666666666
f1915291-a814-42b2-a214-883260084c14,8.0
1d677ddd-5c0c-40f4-b71b-385c0be2a652,11.483333333333333
fa908d99-03d8-4373-ac80-3061c93ded20,3.8833333333333333
08d3fa12-47c3-43e2-b1ba-cac443bc2d7a,8.3
c5b4ee94-8033-4b64-a4c1-599cd5ea8731,10.666666666666666
0c89b0c9-0790-4f58-8b0f-3a474bd207f7,28.116666666666667
523b8ca9-9b89-4d2c-aba6-ce338d3980e1,8.65
e175fdfd-1082-45f9-b861-0b0c42ba9e9a,4.333333333333333
04f3ee38-f5c2-4210-8e83-ad4bfeeaf254,5.5
7544993f-6527-44c4-b7c8-f428d971f1ba,17.2
1b8cb32e-0047-4770-85ae-15785041245b,4.4
0c2d757d-9780-4a4e-8ac6-c384b2710b05,12.933333333333334
205768b4-a699-4384-aff4-fdb1624dfcab,25.666666666666668
362e12e3-e1f6-442c-8ef4-8d32d2062ea6,5.6
690911be-b09b-4a6c-ba71-4a510b177bf1,0.13333333333333333
3b5354a1-7268-4d96-98ec-223402fe02cb,37.083333333333336
55c36297-95dc-4340-acd1-1e36c51a3a3f,6.583333333333333
7e2c36bf-4637-49f5-b6c4-d7fc31eac2aa,13.65
7db266ec-b3aa-443e-a599-a17d7dad8198,6.866666666666666
3097d752-f223-44b8-b1b1-2fc0dc1f89ef,11.45
26d0cfe9-dcef-452a-bdce-17507eeabbf7,14.433333333333334
2fb87a64-1e30-48d5-8151-35f7aac6bd00,0.05
dd1d2c07-4a77-488e-bfb8-0463bac55d7e,15.833333333333334
ee8c7068-2baf-40ae-84bc-9e4e5fb03f11,4.866666666666666
a12f448d-0ae8-469a-97aa-0195d4697583,20.183333333333334
51cb04ea-6745-47e6-8278-b6409d4b58fc,16.683333333333334
eeb6cb43-ef9f-4ce7-861c-52b5330a8a3d,32.78333333333333
d37ae262-9e8d-43b4-975e-a8800d6b9575,3.6
6bccfba9-f76e-4359-b7a2-1356d2976867,13.766666666666667
53c27cec-ad38-4310-bb18-bca11892b1b9,2.0166666666666666
12914736-6403-48d9-89b8-7534e6136546,6.866666666666666
b4c1e9b6-c445-4857-9b8e-2911494817c2,5.35
53210893-6e7f-41a1-b678-9066743a25fc,3.683333333333333
0fabc305-37d7-4664-bb17-a08b9562a096,4.383333333333334
9404f048-6dd7-4419-b69a-97d873a5fecb,11.166666666666666
96b88eaa-f6af-4b72-8a4e-7c937cbbb6ba,12.3
f12fda15-5b09-4e86-a08c-c9b66ccea26c,3.15
e0c09548-269a-477b-9414-23e337ddd320,0.06666666666666667
09a8bc2c-0e07-45e6-b904-f102032f1526,9.933333333333334
f4668d97-a95a-49a1-a95e-38f7b3870325,0.016666666666666666
bd62008f-6f97-4ab4-8d26-99c0232109e7,16.633333333333333
0408ec50-8482-4e0e-a6b8-a89d3c2caf46,0.03333333333333333
07f9db00-3f49-43d0-9072-bdc514049bb1,27.95
fa27ecd8-1cc7-45d5-879c-6f45bb1cc3c1,8.133333333333333
c25c70af-9f06-433c-8b08-717665649b9d,7.766666666666667
09e75f6d-19ca-4fb9-9b5a-7efc16de5ef3,25.133333333333333
2bc65706-7176-4c7b-ba4b-692c57d6ebd1,15.95
28ce3f41-7393-43a6-ac4e-8651ba39ef59,8.0
af570169-d3a6-4c62-9777-66880f5058e2,13.716666666666667
bb1e2dab-ece1-43a2-82b1-c90cc46cc180,14.933333333333334
b3cdb1ef-41de-4fb4-a29a-eab77f9750a2,6.333333333333333
fd5927a2-3cf5-4178-b92d-644e00a0f4f8,9.5
e4268606-36d5-4846-8d8d-33637d152064,14.9
fbf1064c-a776-4455-a11b-57493f66ad0b,2.533333333333333
5ddb77fa-3806-4425-a32b-d5e9c69d0845,20.1
173421b8-5d12-419f-8b58-7ef21673cff5,10.6
1f5c7983-155c-4298-b0a1-87438fbf9aaa,13.933333333333334
d87b7266-46ce-4f95-96eb-6fd644cacb31,7.85
75ba27e8-c4f1-4dee-b04f-2f200d399071,0.08333333333333333
c35c6d07-378a-48e7-b60c-8869f1a448b6,18.166666666666668
14d8015c-3f7c-4049-a6b7-d722f26b73e1,4.816666666666666
c579340f-e798-49e5-a633-54e03436ccf1,3.783333333333333
0ce210ec-bc41-4321-a876-9263dd68338c,8.666666666666666
a27c17d4-5c43-4533-8b9d-fd68a35de280,4.783333333333333
981e7575-9853-420b-8f57-9c585362153c,10.216666666666667
d862275f-6773-417c-b54d-d5594f94fa05,7.65
34040155-4b25-4383-94af-06172b08736d,4.783333333333333
787f359f-ce1c-41d7-8271-9c9b7224fcc0,7.416666666666667
b1aa8e4a-8624-45cb-97ca-07934ed73917,4.233333333333333
87d22580-4d0d-411b-a93f-b50e7b07a67c,19.866666666666667
248fcdce-705e-45f6-9412-7ccffaa6a828,10.433333333333334
2167f2f4-e280-4ecf-876b-f486ff6bb949,3.6166666666666667
47bb757b-ac18-4c2a-878e-32f025ae27e0,17.516666666666666
99ae676c-ac85-42aa-bf7d-246ba8932700,41.2
6eb018f8-162b-4267-a9ef-6be87319f3fb,1171.8666666666666
aeb63349-7a5e-4833-be4a-d383fd7bf9aa,18.333333333333332
3272c441-8fb5-4d44-9f30-93a07bf5b4ab,21.916666666666668
bd58a284-5f53-448b-bf8e-f0babecd39d6,9.3
9f527d27-4807-4c27-9161-a02a8fb8eb2e,10.0
3537fe7e-26d0-4b63-bbf6-6d87e70cb43c,3.6
a11a4955-6f4c-451c-a47a-e72ae4a00f80,12.966666666666667
0a4507e1-527c-4b1d-b9e7-c1e301ce185b,4.083333333333333
54db947d-691f-4e27-8af2-29d093e3577d,0.05
326da475-8106-4faf-be92-179a048777a2,50.3
986b0270-af42-4885-a66b-0a90b76b5a87,9.583333333333334
8cb278f9-2ff2-49da-8374-f8aed7b88fe0,11.066666666666666
820a0046-59a1-416e-b5ad-a0815a022c0e,8.15
10ef47d9-b2b0-47e4-b7e1-4290078ade50,15.966666666666667
d53c3817-6d4f-4502-9166-37c4e3e07f77,9.95
f325ab70-0f34-4bca-85a7-f04522c89d1f,14.983333333333333
d1205d03-6ddc-4ea4-9d31-37ac4fdd245c,2.7666666666666666
36a1ed4c-dfa1-432c-b2ae-d47b9660e0eb,10.516666666666667
c1b2f64d-5e44-4a82-b062-e21f4d818516,17.916666666666668
22084720-fb6c-41f6-9421-04f26b18d15e,3.1333333333333333
2e758eeb-6e0f-4a52-9626-075700477429,9.566666666666666
3ed26c3f-4e57-483a-af97-c003c8943d31,5.833333333333333
74a2e9ff-5296-4b0c-aa5d-00ac1a108c11,7.783333333333333
63591ee3-e3c0-4fc5-8f97-0ecb724c270d,8.866666666666667
b29ca501-5891-4da7-98c8-2b4bf480b632,17.35
6bb7ddb4-43e3-40c3-b38b-600a6bcc0264,6.566666666666666
0f3fac91-b67e-4c90-b7c7-79c56ab74690,36.21666666666667
5fc7812e-1228-4a46-8b09-03746d48a003,11.733333333333333
90050251-7e6a-4585-97d7-e3bb0648c521,5.0
19b74dd6-eb26-4cf5-98ba-815668f1329d,10.566666666666666
0c43507d-29bf-4f5d-b62c-2f5bcfd0435c,8.8
be0876fe-912c-426f-a7cc-1d71ab84ed3e,15.45
5df9fa9a-94a0-4484-9bad-95be31d64083,11.216666666666667
95ef0a9d-202c-4277-8548-8256391dffed,6.15
28b0e516-0262-47ff-acf5-572953cf444a,12.2
cdfb8fdf-160e-4721-857d-cc1bb6243504,4.116666666666666
ccfb0a50-977e-4db3-ac50-fa416bcb748f,10.833333333333334
fc54b9f9-62df-44e3-b482-8b5f8033d373,14.5
5b6a32a1-6e6d-4b67-b432-ebe2a1e96a6f,19.166666666666668
749fce3c-3622-4281-85e2-d221dde55ca2,16.216666666666665
e293e004-a250-4517-9715-a14adf437cfb,7.933333333333334
b0100c9d-080b-43f5-af69-23c1930889f0,3.933333333333333
3d878bfe-d1f2-496b-ad15-b178cc2a951d,12.216666666666667
0e83bb90-f05e-4641-b6ef-a31b6dc4f1a2,11.383333333333333
31b51dab-9505-4d69-a946-4bf4139e0f1d,24.866666666666667
741ac4b2-4f73-4d82-bb05-2fc42ccb091e,7.833333333333333
07262d57-45d8-40ec-8317-378102d37e47,34.61666666666667
de4bf745-d475-49d4-88ca-662fe2da71dd,26.833333333333332
db6cbcd4-a500-4d28-a585-0014e08723cf,3.933333333333333
5be0ef4e-287e-4d9b-b36f-7928530aed4b,8.85
8096a490-8166-4a35-b342-4d8959054e3b,9.416666666666666
3a95838e-ad34-4785-a7f5-40a9599f873c,11.616666666666667
a6211df0-771c-4a75-94ea-0a52c231bd99,7.816666666666666
8f0df0b4-702d-48e3-92fb-0ca24e626fd6,15.75
ad20569e-0b1a-445f-8b9b-15d006e48c20,15.966666666666667
6a5c40f9-6b4e-4f8b-bc1b-660451056802,7.6
b67fd819-e644-4c3c-9ecc-63ee73f88399,27.933333333333334
10c4089f-29fd-45af-b1ef-7615a998ddd7,3.8
75482c96-43a3-450a-a0b7-cef03cd3b434,11.566666666666666
667eedc9-65f5-4c39-9801-89259d1609c7,3.283333333333333
e937a1d5-a893-45d3-bf36-810272fbcef6,3.3
ff700cfc-14f1-4583-90fe-66a0ef80d3b4,10.266666666666667
3acec580-fd20-4f97-8ba9-bcc0faccc577,26.1
378bc291-7511-4413-9549-0eb5a4e72838,15.666666666666666
6cfdc756-64a3-47ae-a337-81b2ef0f5c5d,7.666666666666667
f8f16ef9-397c-44e4-b927-dca283628205,14.083333333333334
8f9642a8-186f-480b-b863-9f71cb779fcb,9.966666666666667
c909c5b8-8926-4f03-9a62-13a9eed34720,8.133333333333333
e0f2d837-6b97-47f3-b417-dfa546e2a3c3,6.383333333333334
bbd6c9b4-eca6-4859-9c75-b020bb944fdf,6.766666666666667
2e91aa36-9969-480f-b9f8-574a68647780,8.433333333333334
f855c30f-733e-49cb-88bf-20967c32b225,8.233333333333333
779daae3-9671-40a4-a655-6350534a89b2,9.683333333333334
5e44dba2-96d3-4074-8fbf-82cf37cc11a2,7.316666666666666
bfe2cced-e8f7-4303-a44d-0b89e5805215,18.1
515b61b5-4f69-48b5-8023-5084e50f8389,14.35
26a6935c-9e4f-41fd-9dfd-a94227435653,6.866666666666666
1f4d7350-de69-4e43-83ac-244d20539e1a,9.9
129bc8b2-6b8b-4074-a473-575ed5bf8732,13.916666666666666
c3957d76-8cc8-474b-84db-0c4af121374b,4.666666666666667
d4213eee-d679-4119-9451-7e4264036e1b,16.083333333333332
745d2854-1354-4a08-8baf-261f40608f4f,16.033333333333335
f066e2f9-4036-45da-9af6-2f50d9cf6da6,1.1333333333333333
879f8139-b391-40ad-8c46-28a806c26350,7.95
11f834d7-4f55-4e05-b896-0083e9786529,3.3
b04cdb4e-1f96-4e93-a6c9-eaf76e545fdc,20.616666666666667
bc634976-5a17-4f94-bf27-e7d0d7bfb102,21.383333333333333
8f8405ba-73ff-4e32-a474-2d55319177d2,20.666666666666668
4a61cd4e-8689-4379-87a1-1aa115a901aa,13.366666666666667
15afa78a-df42-4e73-83b7-bf9148ebf173,14.783333333333333
c47a839d-2e2d-4937-af5b-8d34145dad97,12.583333333333334
f697b59a-c4a0-4741-80e5-3d051b06ed4b,8.183333333333334
b9650a31-299b-4dff-8cf2-ea13fa513252,16.3
8e6c3985-e1a0-4312-983a-f7be4bd11606,6.583333333333333
18855808-5238-4f44-8b93-44c3a02e2a5e,11.066666666666666
6bc89944-2d64-468c-83ec-eecb89d23918,9.683333333333334
92a8a14d-d8a1-4604-8ce8-2e15ca2ce7d6,14.45
bf6667fb-b209-4fbc-83a2-26ce20c46417,17.2
9e1bf9b2-c516-4907-988e-cb8e3656be13,23.066666666666666
4bce67b1-612b-4d40-b008-95f9e9d47762,7.133333333333334
3be239cc-237c-4861-82e7-65d0080fd9e1,26.6
2c70ded4-2e6a-43fd-a22e-06bea985b93f,11.083333333333334
ca2cc2ec-b0e4-4b59-8503-aa8454ef2f29,12.45
62fd58ae-1d38-4f94-a177-8172d8480da3,7.833333333333333
7b2c27b2-3e5a-4b4a-bfff-6ba2ae85ff93,4.183333333333334
da6fe455-4510-4333-b89d-7baf72f97e89,22.4
3a6f12d3-d4ee-4f67-a96d-2010b01bc062,6.083333333333333
f42c1127-7199-4b7e-a103-3852d48b2eac,26.566666666666666
d65e6358-de6e-41da-9e31-fb1a7736dc0a,17.4
fe09ccc7-ad1c-41fa-8398-2eb8e9489899,22.566666666666666
f0128e3b-0a1d-4f14-8e09-0c12a36c3f51,31.25
6f25d86e-1982-425b-85a1-5b7ce9dd0e96,12.216666666666667
b5795846-7371-4775-a51a-76fe5343b472,7.133333333333334
dc6232a8-fdc1-4d6e-82ab-c58b4eaf1cbb,12.233333333333333
f247be14-875b-4fca-8bc0-c4494819e87d,8.45
f8917bad-5648-4245-aa51-4d685d43ed34,10.6
e8066cc2-2fff-415f-bf1c-31a47d32af98,5.583333333333333
a3635b33-7184-49a5-8ccf-74743e359fdd,13.55
dfd3f4d4-2484-4ed1-8df7-a8e9d27b0196,0.8166666666666667
3e642d0a-18a2-43e4-bf7a-9d4e17501683,43.78333333333333
ffceacf6-d975-4faf-ae46-2f6084039e74,14.1
de5a52e2-cf3f-4057-b88b-e9c83caa881c,13.866666666666667
00adf373-b1cb-459b-a622-0cd2a28727c9,0.08333333333333333
0e946106-6a09-42b3-bc26-3a24479d1601,4.816666666666666
2949326b-1f2f-420e-9f2e-157fdf9e71d6,5.433333333333334
b3f5070f-7935-4d36-9e51-fa81b2ccc785,3.4833333333333334
16b3638a-afcb-4112-ae4e-55a47bc6b4ea,17.433333333333334
6f905e4e-2008-4df4-b27e-dc0910164825,9.316666666666666
7423039f-8d3b-4e9b-a098-91b2d51f7ab3,10.716666666666667
f2332099-2060-48ef-871a-1b7f6933df48,10.35
67aa54a5-d7e7-40eb-9376-9b3dd482fee6,13.35
4a7c2ab0-db43-48a2-a63b-224310e5b174,10.333333333333334
a1d71fb1-209f-4217-b08d-1b4157ed8485,4.3
b5e70006-59cf-4e72-937f-0af49bead933,26.816666666666666
8648c89c-4195-41a9-aed6-10d98cfb3c28,1.2
8f536f3e-fdb1-4af0-a3a6-21f445454127,2.1166666666666667
ab569ebf-4952-42f4-b705-13164fd9f3b8,18.966666666666665
7afa4ba7-05a8-4f5b-bd8b-31b5dcf12afc,13.166666666666666
7c0371fb-3125-4eb7-97f4-229882fb42a7,8.583333333333334
cb3eb962-dd6f-4fbf-83bc-4d2f3afb0db8,9.75
f494ee77-0b37-4bdd-aa9c-4fc41de5cff1,22.45
cc4fd22b-6d45-4200-8d42-b4790dd7b1d6,11.483333333333333
5b4424d1-b45c-4879-a5b9-40c5e9c1c139,6.7
346f9117-6111-4554-9839-0feba162ef6c,14.85
400fca1f-3545-4554-a1ca-7400e495ea6d,8.8
87b99ff3-e0c0-4f32-a2e2-2adc7ae159b9,28.45
aa077fab-9443-4b14-8e3b-92daa208a3b0,16.233333333333334
1be3988d-1b5a-42d8-bf7e-4f04a5efd0e2,15.166666666666666
06e7a492-19c5-4154-8da1-7dafa287c0cf,6.05
ce298375-3701-4f8b-85ca-8a0004d79b45,4.2
c2f00c94-2e71-48e2-bf3d-87d1d2fc3df1,4.2
72afdd63-07f1-47d1-b2c9-97509d7cb348,2.8666666666666667
f0bb7744-2a46-4198-a4fa-53d12144c9da,13.616666666666667
71590d8e-9c5a-4df1-b0a4-0c27e659f82c,16.816666666666666
8eb3b83b-978b-4a7a-8f6a-4c909cb838d2,13.65
0311aee5-3e4e-4c7e-9a4e-0b3440a35b1e,5.766666666666667
b57ef1b4-dceb-4c11-bd7d-40a5497bbb19,16.466666666666665
443893fa-dc51-447d-9010-eb1529724485,20.6
af9f4a7e-bcd4-4e76-9a7b-132a6880cfda,5.716666666666667
705b1f07-a72e-4008-aaa5-1643e62d174b,6.433333333333334
faab4108-6a68-4df4-9636-88c2c0bf940e,4.116666666666666
6868a20a-6629-4645-982d-5fe01399368d,7.05
75985c86-ba49-4cf3-8a9a-6a071f0b50af,8.533333333333333
381cac5f-552a-46ac-b721-acdc86df4217,7.35
df642c23-95e5-4005-a0d2-0dd3e1aa4155,10.65
6960dbdb-9824-4992-a1b1-054dedabcc58,10.15
895ec8ac-53bf-47ba-8f95-c0f246db15d2,1.6333333333333333
288ba9db-321a-48a0-ac5b-594f0ee06820,4.783333333333333
9b7b4416-139e-4d16-9c20-c70fdbd65b1c,2.95
55434322-4e8e-4507-bc02-94c225f7a7ec,7.866666666666666
0cda8d3b-6de6-4393-84f2-09ecd0e93908,13.15
92cf674d-a5a6-4d67-bf5e-03d2df1c5807,5.833333333333333
367c9417-360f-40d1-a32a-51d727d70179,14.783333333333333
14aae80d-d6fc-432a-bcf3-af1bedfea9ce,4.95
1e53fd0a-4d2c-46e9-9ced-7bbfcb4bcca5,0.18333333333333332
1f04a068-51b4-4234-8fce-104f6292e7d2,6.55
42cd13b9-bac8-413a-b25f-fef7708fe17f,15.916666666666666
f8b03b24-07ca-4d6f-8dda-8188452b6e2a,12.183333333333334
96987a6a-5488-43fb-b985-9c50674115c1,16.983333333333334
a9629f1b-93cc-43ac-8842-b0de50f3a109,8.016666666666667
c39a0917-f1dd-4b00-a73d-fdac19ea2db0,13.733333333333333
0aed4c13-911d-4e53-9abc-9367bfdf8c2f,5.116666666666666
5710fc9d-f844-4eb5-b59a-b3b9d6392a95,7.65
23fe0efd-054e-4218-bd0b-e7eb1196640e,0.08333333333333333
4e597e7a-3176-4fba-b104-5c4db0d56fcc,12.266666666666667
b079ec12-6645-42f1-9a54-c1f5d53baa44,0.4
b8529728-47ef-4c62-8f57-d8e54b20ee76,21.733333333333334
a8964251-2c15-4c84-8d97-2c7fc962a96f,0.05
8fb8602c-f2bf-4580-8f84-87ebc9a5de15,9.883333333333333
097072a5-7220-45ac-a9a3-5e74bb0c43b0,21.166666666666668
25ed3392-10be-4354-84d7-3e698566fa26,8.183333333333334
1e19c78c-5876-4959-b012-9ac55b9be62e,6.166666666666667
7d902b53-36f2-4f13-8183-fb7d71c366c6,27.483333333333334
3b978620-150c-4552-a1ed-5fc9018498da,15.216666666666667
139cee00-4762-49b9-8c60-4a69117baa00,3.033333333333333
